   1.99023819     ,  -1.01240540     , -0.117783070    
  0.267298698     ,  -1.75134230     , -0.398614645    
   1.86366129     ,   1.63060403     , -0.907485723    
  0.991710663     ,   7.89575577E-02 ,   1.54505062    
 -0.530436516     ,  -1.66157770     ,  0.341756105    
  -7.74524212E-02 , -0.416209221     , -0.135217905    
  -1.70498300     ,  -1.59405446     ,  -1.20263410    
  -1.97857928     ,  -1.80843115     ,   1.68559837    
 -0.611675024     ,  -1.04150891     ,  -1.38290429    
 -0.631024837     ,  0.573840380     ,   1.76763058    
  -1.12819314     ,  0.195466995     ,   1.84459734    
  -1.46735859     ,  -1.26259828     ,   1.03854394    
   1.60209799     , -0.292399645     ,  0.636349440    
 -0.452936172     ,  0.510437012     , -0.442058802    
 -0.218070984     ,  -1.65102673     ,   1.36304832    
  0.647728682     ,  0.148415804     , -0.193150759    
  -1.93556690     ,   1.37898397     , -0.359362602    
  0.603419304     , -0.362093449     ,  -1.59881043    
  0.585635185     ,  -1.18739438     ,   1.37362671    
 -0.708050966     ,   1.30857110     ,  0.903566360    
   1.42276955     ,   1.86331367     ,   1.70274115    
 -0.394852400     , -0.489058495     ,   1.35170603    
  -1.17250276     ,  0.588533401     ,  -1.37423682    
   1.87415767     ,  0.710973978     ,   1.31681585    
  0.393598080     , -0.217243910     , -0.491523743    
  0.691922903     ,  -1.31166959     ,   1.29443908    
 -0.172470808     , -0.591917038     , -0.671744823    
 -0.679939508     , -0.683441401     ,  -1.72597003    
  -1.59846830     ,  0.987304688     ,  0.246658802    
   1.02181315     , -0.913958311     ,   1.32237530    
  0.422772884     ,  0.245167017     ,  0.402540445    
  0.876191616     ,  -1.47022843     ,   1.38765836    
   1.58933830     ,   1.19350624     ,  -1.52833581    
  0.632916451     ,  -1.17616034     ,  0.790286541    
  -1.39713287     ,  -1.89377975     , -0.704817057    
  0.449259520     ,  -1.21504402     ,  -1.94810748    
   1.91464090     ,  -1.96861911     ,   1.36660767    
   1.99656892     ,   1.28709483     , -0.950405121    
 -0.972808123     ,   1.77779913     , -0.670684576    
  0.203461409     , -0.128016949     ,   1.93959808    
  0.636189938     ,  -1.54563284     ,  -1.94816828    
  0.216020346     ,  -1.35802078     , -0.321472645    
   1.91104031     ,   1.38095236     ,   1.51653862    
   1.60769320     ,   1.41482830     ,   1.60608196    
  0.631698608     , -0.794427156     , -0.976806402    
  0.915433884     , -0.995313883     ,  0.918088198    
 -0.390179157     ,  -1.19654107     ,   1.51868749    
   1.71451044     , -0.956840992     ,  0.793296099    
  -1.40865946     , -0.971579790     ,  0.584474564    
  0.698117018     ,  0.514469385     ,  -1.79985619    
   1.07845712     , -0.104119301     , -0.635319471    
 -0.642709970     ,   1.47957897     ,  0.410738468    
  -1.53672481     ,  0.594431639     , -0.140316010    
  0.457476616     ,   1.55772853     , -0.332147121    
   1.28246856     ,   1.18099022     ,   1.89800978    
   1.78837848     ,   1.52066445     ,   1.66389966    
  0.924514532     ,  -1.14109135     , -0.480488300    
  -9.58442688E-03 ,   1.80734253     ,  0.703032494    
 -0.500793219     ,  0.876460791     ,  -1.39935994    
 -0.313976765     ,  -1.55739021     ,   1.53651834    
  0.211611986     ,   1.82983470     ,  -1.31974339    
   1.99167705     ,  0.587789536     ,  0.298240900    
   1.96157885     ,  0.327304125     ,  0.858431101    
  0.985238552     ,  -1.94831204     ,   1.15052843    
   1.81503606     , -0.895310879     , -0.550416708    
  -1.62690139     ,   1.20181417     ,  -1.47339821    
  0.936094522     , -0.688410521     ,  0.460327625    
   1.00704646     ,  0.317614794     ,   1.97935867    
   1.78739381     ,  -1.90415382     ,  -1.12528491    
  0.824705362     ,  0.679619312     , -0.626619816    
   1.25523853     ,  -1.27420306     , -0.226045609    
  0.234377861     , -0.853526115     ,  0.638791084    
  -1.75317788     ,  0.633822680     ,  0.827027559    
  -7.84769058E-02 ,  0.355860472     , -0.915603161    
  0.390758991     ,  -1.74520946     , -0.987342358    
  -1.44987249     ,  -1.46872282     ,  0.471897125    
  0.349580765     ,  0.966652393     ,  0.558277607    
   7.98728466E-02 ,   1.32727623E-03 ,  -1.75064039    
   1.54351330     ,  -1.87423706     ,  -1.62919688    
 -0.784759521     ,   1.96295714     ,  0.725363970    
  0.678629160     ,  -1.98630524     ,   1.39569211    
  0.659760237     ,  0.797168732     , -0.300489187    
   1.47075653E-02 ,   1.03620768     ,   1.70329642    
 -0.953699589     , -0.983127117     ,  -1.69634795    
  -1.69376206     , -0.674137354     ,  -1.46510768    
  -1.59500146     ,  0.291463852     ,  0.669380665    
  0.197062731     ,   1.96634173     , -0.735455275    
 -0.497660398     ,  -4.13002968E-02 ,   1.71517205    
  -1.93940210     ,  0.244547844     ,   1.68456459    
   1.17166162     ,  0.425656796     ,  0.844355583    
  0.483510017     ,  -1.65729642     ,  0.713568211    
   1.09441423     , -0.967307329     ,  0.319316149    
   1.81432295     , -0.118394613     ,  0.401595116    
  -1.54302263     ,   1.25329947     ,   1.33556390    
 -0.726149559     ,  0.898483515     ,  -1.53989410    
  0.387279272     ,   1.97212052     ,   1.30727100    
  -1.80738854     ,  -1.73738885     , -0.852525234    
  -1.54317689     ,  -1.70078015     ,   1.09386992    
  -1.13614035     ,   1.32477713     ,   1.39824986    
  -1.59770656     , -0.349004984     ,  0.952866793    
  -1.70663285     ,  0.648115396     ,  -1.36438513    
  -1.01255322     , -0.983843803     ,  -1.41790962    
 -0.226463079     ,  -6.78491592E-02 ,  -1.22464204    
  -1.16652989     ,  0.449609280     ,  -1.21492338    
  0.267993212     ,  0.732025146     ,  -1.32487130    
  -1.90275049     , -0.397401094     ,  0.660392523    
 -0.318837881     ,  -1.15679288     ,   1.30824614    
 -0.408587933     ,   1.63965058     ,  -1.31579900    
   1.90634155     ,  -9.72878933E-02 ,  -1.11731458    
  0.770420074     ,   1.42527461     , -0.252111673    
  -1.98022676     ,   1.66737890     ,   1.72052550    
  -1.48031592     ,   6.15851879E-02 ,  0.288986444    
  -1.81289101     ,  0.875586510     ,  -1.54596424    
   1.35911083     , -0.849789858     ,  0.338427305    
  0.713955164     ,  -1.75196075     ,   1.68640995    
  0.327803135     , -0.493925571     ,   1.62650704    
  0.934103489     , -0.964030743     ,  0.233711720    
  -1.53582907     ,  0.161637068     , -0.262429953    
   1.36119843     ,  0.137374878     ,   1.94338059    
   1.33998370     ,  -1.87583113     ,  0.625218391    
  0.986145496     , -0.311264753     ,  0.830804348    
   1.37280345     , -0.306754827     ,  -2.10757256E-02
  0.115355968     ,  0.594423294     ,  0.954328060    
  0.661938429     ,  -1.36398697     ,  0.375091314    
  0.922946215     , -0.449154615     ,   1.90496087    
 -0.357583046     ,  0.415539742     , -0.619879246    
 -0.577113628     ,  0.160136461     , -0.477960110    
  0.941508055     ,  0.824005365     ,   1.01175880    
 -0.114729404     ,  -1.53066206     ,  0.932036877    
 -0.149498463     ,   1.41932464     , -0.667965651    
   1.03876662     ,  0.321812868     ,   1.61540699    
  0.809837580     ,   9.25598145E-02 ,  0.629631519    
 -0.968136787     ,  -9.80634689E-02 , -0.996368885    
   1.75081992     ,  -1.86418891     ,  0.499832153    
 -0.175585747     ,   1.06743765     , -0.896803141    
   1.23395705     ,   1.27387285     ,   4.95195389E-04
   1.63539219     ,  -1.77466965     ,   1.84847760    
  0.779506445     ,  -1.14912963     , -0.775315285    
  -1.12204599     ,  0.972949028     ,  -1.55206490    
   1.41981816     , -0.760618925     , -0.809480906    
  0.977586746     ,  -1.53986597     ,  -1.74547458    
 -0.795547962     ,   1.47265410     ,  -2.79874802E-02
  0.687874079     , -0.562425852     ,  -1.92537308    
  0.474856138     ,   1.63432908     , -0.299915552    
   1.87029433     ,  -1.15087605     ,  -1.56179953    
   1.96095705     , -0.564217567     , -0.894657135    
 -0.647974014     ,  -1.62251902     ,  0.830294847    
   1.68306875     ,  0.607549906     ,  0.145595074    
 -0.643706799     ,   1.61854696     , -0.405367613    
   1.72377396     ,   1.05544686     , -0.923144102    
  0.186114073     ,   1.56980848     ,  0.235220671    
 -0.137949705     ,   1.34124517     ,  0.215922117    
  -1.29234385     ,   3.04758549E-02 ,  0.752967596    
 -0.488023758     ,  -1.79452896E-02 ,  0.610004425    
  -1.29911757     ,   1.64589882E-02 ,  -1.05951476    
 -0.572566986     ,   1.07444549     ,  -5.50851822E-02
  0.662705660     , -0.466521740     ,  -1.62022185    
  0.474196911     ,  -1.63275599     , -0.889757872    
 -0.124211073     ,   1.70427155     ,  -1.75645256    
 -0.734992743     ,  0.832674742     ,  -1.35891509    
 -0.924480438     ,   1.32505178     ,  -1.73095703    
  -1.20031524     ,   1.20435262     ,  -1.29148769    
 -0.338288307     ,  0.356457233     ,   1.76141858    
   1.91721153     ,   1.25997114     ,  -1.52688503    
  0.172846317     ,  0.877068996     ,  0.433934927    
  -1.48192692     ,   1.99264908     , -0.109835625    
   1.21896648     ,   1.74740529     ,  -1.88434625    
   1.38328409     ,  0.763976574     ,  -1.87775230    
  0.836131334     ,  0.883497715     , -0.561087370    
  0.115892887     ,  0.533732176     , -0.781156540    
  0.655363321     ,   1.54244304     ,   1.78504992    
   1.60295701     ,   1.04518676     ,  0.718019247    
   1.76465702     ,  0.736199141     , -0.742848873    
  -1.54231906     ,   1.45096016     ,  -1.09769011    
   1.46667027     , -0.811800003     ,  0.296698570    
  0.529472113     ,   1.93159676     ,  0.450047493    
  -1.02884912     ,  -1.61141300     ,   1.45449281    
  -1.35841703     ,  0.543121815     ,  -1.77618933    
  -1.91505742     ,  -1.73340058     ,  -4.22480106E-02
  -1.23898411     ,  -1.30814528     , -0.821620941    
 -0.750639677     , -0.144663095     ,  -8.68177414E-02
   1.23859024     , -0.243676662     ,  -1.55983829    
  0.294873953     ,   1.21641636     , -0.922879457    
   1.30504251     , -0.284507751     , -0.173061371    
 -0.854180574     ,   1.04984999     ,  0.641322851    
  -1.35794091     ,  0.833354473     ,   8.61961842E-02
 -0.676303625     ,  -1.01408339     ,   1.71182394    
 -0.936586618     ,   1.60470986     , -0.451363564    
  0.179124355     ,  -1.74641848     , -0.204399586    
  0.214081049     ,  -1.92819858     ,  -1.15368080    
  -1.91354084     ,   1.78950047     ,  -1.75944042    
  -1.40500784     ,  -4.55214977E-02 ,  0.791002274    
  -1.58038664     , -0.461607218     ,   1.59270310    
  0.456855059     ,  -1.67297745     ,  0.546786785    
 -0.374836206     ,  -8.14180374E-02 ,  0.179047585    
   1.60611296     ,  -1.20187879     , -0.829237700    
   1.77135229     , -0.583113194     ,   1.81545329    
  -1.37352061     , -0.274769783     , -0.379023314    
   1.74783731     ,   1.62505388     ,   1.98807740    
  -1.45810819     ,   1.74499583     ,  -1.37980795    
 -0.514871359     ,  0.981783152     ,   1.87882710    
 -0.713955164     ,   1.87121129     , -0.500638962    
  0.859856844     ,   1.51423526     , -0.437413931    
  0.918830872     , -0.966863155     , -0.358575344    
 -0.485629082     ,   1.17497301     ,   1.80576181    
   1.31573749     ,  -1.68350387     ,  0.243525028    
   1.81465745     ,  -1.92745996     ,  0.490672112    
 -0.766323090     , -0.663686275     ,   1.46127558    
  0.318962336     , -0.660752296     , -0.400143385    
  -1.06620455     ,   1.71463490E-02 ,   1.58720183    
   1.37761378     , -0.476480484     ,  -1.59684539    
 -0.967470169     ,   1.57297945     ,  -1.17794394    
   1.35897446     , -0.955012321     ,   1.39160228    
  0.150624990     ,  -2.24356651E-02 ,  -9.10875797E-02
  0.486281395     ,  0.958574772     , -0.534085989    
  -3.67012024E-02 ,  0.472106934     ,   1.72446513    
 -0.860630512     ,  0.707411528     ,  -1.17938638    
  -1.05776334     ,  0.938628912     ,  0.235572100    
  0.605519533     ,   1.46329308     ,   1.75437951    
  0.428681135     ,  0.636355400     ,  -1.44779062    
 -0.407416821     ,   1.60825157     ,   1.63051748    
   1.39517856     , -0.912189722     ,   1.97501707    
  0.550467730     ,   1.73518419     ,  0.132158995    
 -0.964706659     ,  -1.43919516     ,  0.149435997    
 -0.564676046     , -0.654646635     ,  -1.89330006    
  0.247320414     , -0.103315115     ,   1.99859881    
  -1.51412606     ,  -1.99491882     ,  0.984203577    
   1.91387749     ,  -1.07293940     ,  0.347260952    
 -0.467174768     ,   1.83359432     ,  -1.05894756    
  0.882794857     ,   1.54306293     ,  -1.17480826    
 -0.566944122     ,  0.225861549     ,  -1.99254251    
   1.63952613     , -0.650751352     ,  -1.37509489    
  0.174748898     ,  -1.25343466     ,  -1.24764252    
   1.83870149     , -0.468113661     ,  0.147609949    
   1.71789145     ,  0.664070606     ,  0.624377489    
  0.533283234     ,   1.65624762     ,   1.82322526    
 -0.817564249     , -0.349386930     ,  -1.41460133    
  -1.30104184     ,   1.95332861     ,  0.791171074    
   1.37031436     ,  -1.32865524     ,   1.28164339    
  0.474358559     ,  -1.50125360     ,   1.81201029    
  0.823571444     ,   3.35836411E-02 ,  0.876760483    
  -1.03024030     , -0.102606297     ,  -1.01115704E-02
   1.19184399     ,  -1.37554359     ,   1.37805176    
 -0.435944080     ,  -5.29484749E-02 ,   1.60299540    
  -1.56016302     ,   1.22756362     , -0.334271193    
   1.01475167     ,   1.95143890     ,  0.300144672    
  -1.88081145     ,  -1.65858221     ,  -1.22573113    
  0.802643061     ,   1.84388256     , -0.934642792    
  0.100813389     ,  0.806068420     , -0.434427738    
   1.01023912     ,  -7.65948296E-02 ,   1.08964109    
  0.590711355     , -0.231251717     ,   1.14856815    
   1.48433900     ,  -1.90092325     , -0.493310213    
   1.32288504     ,  -1.03317380     ,   1.68964958    
   1.82872176     ,  -1.53038263     ,  -1.56792212    
  -1.11093044     ,  -1.98296165     , -0.595054150    
  0.317970991     , -0.954068422     ,  -1.96052790    
   1.96304202     ,  0.389512539     ,   1.95725775    
   1.35986924     ,  -1.87217903     ,  0.393445015    
  -1.30077815     ,  -8.84203911E-02 ,  -1.88468456    
  0.838166952     , -0.903439283     , -0.896135330    
 -0.793797255     ,  -1.68954086     ,  -5.37309647E-02
  -1.89983392     ,  -1.69239473     , -0.272882700    
   1.66695857     ,   1.43587875     ,  -1.83843613    
  0.755226135     ,  0.287560463     ,   1.03774118    
   1.02703118     ,  -1.66198611     ,  0.680840731    
   1.73091197     ,  0.275300026     ,  0.303181171    
  -1.77996039     ,  0.480898857     ,  0.814763069    
  -4.20022011E-03 ,  0.955239773     , -0.768406153    
  -1.76200414     ,   1.95613122     ,  0.872208834    
  -1.31253576     , -0.812136173     ,  -1.22936797    
  0.753448009     ,  -1.78230453     ,  -1.60006905    
 -0.773517847     ,   1.82504082     ,  0.378336191    
  0.940760612     ,   1.41205406     ,  -1.72743988    
   1.00867343     ,  -1.78115964     ,  0.613034487    
 -0.417115927     ,   1.88403058     ,  0.465014219    
  -1.64885998     ,  -5.22208214E-02 ,  0.529500961    
  -1.80414820     , -0.136059523     ,  0.765278816    
   1.11744738     ,  -1.69409585     ,   1.28758478    
  0.723106623     ,   1.14910650     ,  -1.04336667    
 -0.753720284     , -0.705188513     ,  0.757386208    
   9.10584927E-02 ,  0.877809048     ,   1.45850182    
   2.31857300E-02 ,  0.908346176     , -0.240367174    
 -0.245895863     ,   7.33716488E-02 ,   1.06288290    
  0.350557089     , -0.741724730     ,  0.577161074    
 -0.810699224     ,   1.63860583     , -0.800868511    
 -0.820401907     ,   1.12650132     , -0.675298452    
  -1.70486236     ,  -7.63802528E-02 ,  -1.81589007    
   1.89978290     ,  -1.91791391     , -0.825000763    
  0.912650347     ,  -1.40721464     ,   1.77521300    
   1.03236151     ,   1.49694324     ,  0.675765514    
 -0.763295174     , -0.173648834     , -0.523757935    
  -1.01400685     ,  -1.20883465     ,  -1.48090148    
 -0.972450972     ,  0.610725403     ,  0.304708481    
  0.472250938     ,   1.21286178     ,   1.78819036    
   1.75115275     ,  -1.05755663     ,  0.426154852    
   1.96872950     ,  -5.70337772E-02 , -0.688327312    
  -1.10072327     ,  -1.09610915     ,   1.00841165    
   1.78913593     ,  -1.52943468     ,  -1.86204839    
   1.39114141     ,   1.33420277     ,   1.30415177    
  0.800505161     , -0.184209347     , -0.647484064    
  0.217775822     ,   1.56435061     ,  0.540076971    
 -0.233664513     ,  -1.37609696     ,  0.472439289    
  -1.00327277     ,  -1.24592042     ,   1.18463778    
   1.59065080     ,  -1.39161873     ,   1.97192526    
  -1.41708088     ,  0.414379358     , -0.128723145    
 -0.261625528     ,   1.71461511     ,   1.32690096    
 -0.170495272     ,   1.87051916     ,  -1.47946858    
 -0.762477875     ,  -1.51614809     ,   1.88403606    
  -7.63015747E-02 ,  -1.33565021     ,  -1.39114857    
  0.758970499     ,   1.44882584     ,   1.43782330    
   1.24319530     ,  0.994030714     ,  0.405486107    
 -0.431342363     ,   1.76828647     ,   1.49695325    
 -0.827405214     , -0.838099241     ,  0.923888445    
  0.303912163     ,  -1.12782526     ,   8.55422020E-03
  0.901367188     ,  0.676810265     ,   1.67614627    
  -1.42890668     ,   1.70334744     ,  -1.67888808    
 -0.665778160     ,  0.497496843     ,  -1.54022408    
  -1.35844088     ,  0.704081297     , -0.603451252    
  0.138377190     ,  -1.99120188     , -0.544476032    
  0.893301010     ,  0.392660141     ,  0.958926678    
  -1.08727884     ,   1.30100250     ,  0.706202269    
  -1.20397425     ,   1.77352548     ,  0.565003633    
   1.89047837     ,  0.128037453     ,  0.654718399    
   1.97428536     , -0.461213350     , -0.892279387    
  -1.67219210     ,  0.691111803     ,  0.517593145    
 -0.996477604     ,  -2.48789787E-02 ,   1.06477976    
  -1.13660431     ,  -1.52887917     ,  -1.28488159    
  -1.21689153     ,  -1.88146210     ,  -1.14603949    
   1.40106058     ,  -1.00818110     ,   1.28549218    
  -1.82127070     , -0.922398806     ,  0.292854071    
   1.45568442     ,   1.27443624     ,   1.58261180    
  -1.73146510     ,  -1.88455844     ,   3.81767750E-02
 -0.290730715     ,  0.953824520     ,   1.37141538    
  -1.45072484     ,   1.33811283     ,  0.734855890    
  -1.52365017     ,  -1.30365157     ,  -1.49759078    
 -0.776201963     ,   1.17840266     ,  -1.92685342    
  0.452947855     ,  0.256334305     , -0.430885792    
  0.654653072     ,  -1.94613934E-02 ,   1.96271777    
   1.58363986     ,  -7.43699074E-03 ,  0.611593485    
   1.01471734     , -0.994762421     ,  -1.12967396    
  0.519481897     , -0.273569107     ,   8.60953331E-02
  -1.11604810     ,  -1.32592416     ,  0.749633551    
  -6.46507740E-02 , -0.694171906     , -0.342113256    
  0.460081339     ,  -1.93293428     ,  0.360687733    
   1.95063496     ,  -1.26621938     , -0.728409767    
  0.236750364     , -0.199591875     ,  0.824713469    
 -0.516463995     ,   1.86954927     ,  0.411505222    
 -0.649621248     ,  -1.11692476     ,  0.405161142    
  0.981700182     , -0.317690849     ,  0.725165129    
  0.278939486     ,  0.706905842     ,   1.09152293    
 -0.175453424     ,  -1.00259733     ,  -4.44355011E-02
  0.592758656     ,   1.12385511     ,  -1.59491491    
  0.734384298     ,   1.31887817     ,  -1.02241564    
  -1.31843805     ,  -1.35295534     ,  0.122675896    
 -0.907735586     ,   1.68241286     ,   1.53799224    
 -0.236950159     ,  -1.23411369     ,   1.40201998    
 -0.169111967     ,   1.19050717     ,  -1.52825403    
 -0.418973446     ,   1.93580890     ,  0.714892864    
  0.753336668     ,   1.53677297     ,  -8.74300003E-02
 -0.804445267     ,  0.791816235     ,   1.43866301    
  -1.17909050     ,   1.21994376     ,  0.907026291    
  -1.23086309     ,   1.24700165     ,   1.19559455    
 -0.324000359     , -0.463157177     ,   2.66788006E-02
  0.762580872     ,  0.547552347     ,   1.70247746    
  -1.43777823     ,  -1.05218792     ,  -1.35433030    
  -1.42503500     ,   1.20221329     ,   1.17551279    
  0.649854183     ,  0.842061043     , -0.717049122    
  0.302700758     ,  -1.97857451     ,  0.374494553    
   1.09980202     ,  -1.12307072     ,  0.117804766    
   1.10118628     ,   1.59708595     , -0.663479805    
   1.06141639     ,  0.395222187     ,   1.49572396    
   1.50604272     , -0.367341757     ,  -1.93425941    
  -1.60314488     ,  -1.59882236     ,   1.87825751    
 -0.661937475     ,  -1.57902765     ,   1.80351567    
  0.580374479     ,  0.292021751     ,  0.639912367    
  -1.47352743     ,  -1.04544163     ,   1.20537496    
   1.23017454     ,  0.601223230     ,  -1.22820258    
  0.167489052     ,   1.60766578     ,   1.06202078    
 -0.936989784     , -0.119102478     ,  0.527832270    
 -0.164500237     ,  0.303978920     ,  0.732607603    
   4.36999798E-02 ,   1.03558373     , -0.466028929    
   1.93369389E-02 , -0.349442959     ,  0.837819099    
   1.84709549     ,   1.99511981     ,  0.808203936    
  0.200940609     ,  0.239269018     ,  0.608058453    
  -1.24148488     ,  -1.13939047     ,  0.625125647    
  -1.19552445     ,  -1.69953179     ,   9.61887836E-02
  -1.00504971     ,  -1.38415909     ,  -1.05497694    
   1.88036561     , -0.166323423     , -0.260951519    
   1.10556817     ,   1.57506347     ,  -1.33560824    
 -0.909198284     ,  0.474758625     ,  -1.03090811    
  -1.21972561E-02 ,  0.554651976     ,   1.15671277    
 -0.404993773     ,   1.66072106     ,   3.12471390E-03
  0.453185320     , -0.554189205     , -0.222146749    
  -1.65892553     ,   1.65758705     , -0.789288759    
  0.948008537     ,  -1.39056993     ,  -1.96003890    
   1.45147681     ,   1.89819717     , -0.361106634    
 -0.635859728     , -0.340144157     ,   1.97609615    
  0.777763128     ,  0.967320681     ,  -1.34941316    
  0.567532778     ,  -1.87833595     , -0.615571499    
  -1.65801764     ,  -5.89361191E-02 ,  0.590573072    
  0.831936836     ,   1.64634800     ,  -1.71182418    
  0.369838476     ,   1.60980654     ,  0.754137754    
  -1.06885386     ,   1.68062019     ,  -1.22348166    
  -1.69920874     ,   8.03263187E-02 ,  0.353246212    
 -0.702656269     ,  0.941513777     ,  0.943981886    
   1.65236592     ,   1.30597281     , -0.289044619    
  -1.18285370     ,  0.814335108     , -0.393082380    
 -0.188929319     ,  0.695453405     ,   1.13550496    
  0.908693314     ,  -1.69371343     ,   1.65126228    
  -1.88656831     , -0.128641367     ,  -5.75680733E-02
   6.81192875E-02 ,   1.97107410     ,  -9.46960449E-02
   1.07064509     ,  0.338063002     ,  0.234563828    
   1.57745838     ,  0.255338669     ,   1.21263433    
   1.77796006     ,  0.340196848     ,  -1.75726414    
 -0.840775490     , -0.457578421     ,   1.69898224    
  0.125863075     ,   1.25385928     ,  0.342859030    
  -1.06869769     , -0.330093384     ,  0.986881256    
 -0.748893738     , -0.665539742     ,  -1.41857481    
  -1.43391490     ,  0.142212152     ,  -1.08094168    
 -0.629676580     ,   1.70964241     ,   1.58038616    
  -1.38588786     ,  0.977100134     , -0.665949106    
   1.39686561     , -0.820667505     ,   1.86843133    
   1.88820314     ,  0.278774977     ,   1.20926666    
 -0.236304045     , -0.758327484     ,  -1.57634616    
   1.09776521     , -0.122062445     ,  0.848994255    
 -0.175142765     ,  -1.38456869     , -0.715475798    
   1.45800185     ,  0.387953281     ,  -1.34920692    
  0.911900282     , -0.450597048     , -0.382920980    
  0.549343348     ,  -1.23949885     ,  -8.01537037E-02
  0.896155357     ,  -1.59795308     ,  -1.98629379    
  0.416849613     ,  -1.97027421     ,   5.88355064E-02
  -1.89482331     , -0.327902317     ,   1.01320910    
 -0.828936577     ,  0.289597511     ,   1.87736011    
  -1.21123338     ,   3.69105339E-02 ,  0.900769234    
   1.79464817     ,  0.765827894     ,  -1.63470769    
  0.127384663     ,  0.537375927     , -0.399291754    
  -1.95856333     ,   1.88569593     ,  0.702776670    
 -0.191457748     ,   1.88351202     ,  0.631967545    
   1.85433149     ,  0.938779354     ,   1.26725221    
   1.94447184     ,   1.70466352     ,  -1.00641465    
 -0.636347294     ,  -1.73998713     , -0.853487968    
   1.83716536     ,  -1.15920448     ,  -1.99713111    
 -0.693167686     , -0.972094059     ,  -1.03524065    
  0.816931486     ,  0.749141932     ,  -1.97786260    
   1.16179061     ,  0.957565784     , -0.448700905    
  0.894254446     ,  0.117230415     , -0.297206640    
  0.915822744     ,  0.294688463     ,  0.847404718    
 -0.218472481     ,  0.499632120     ,   1.50519061    
 -0.472883224     ,  -1.27761245     ,  0.740308762    
   1.68889856     ,  0.494346857     , -0.158403635    
  0.993693113     , -0.737441778     ,  0.618648767    
 -0.293079853     ,  0.707243919     , -0.758458376    
  -1.13029122     ,   1.44152641E-02 ,   1.16520238    
  0.917654037     ,  -1.16124582     ,  -5.40850163E-02
   1.18765998     ,  -1.01157761     ,  0.485886812    
  0.233693123     , -0.231919527     ,  0.831611395    
   1.54166675     ,  0.381966591     ,  -1.02145505    
 -0.467497110     ,  0.739753962     , -0.775058508    
  -1.03681350     ,  0.746150494     ,  -1.64932847    
 -0.739667177     ,   6.26373291E-03 , -0.247493029    
 -0.268381357     ,   1.85876632     ,  -1.82160354    
  -1.80806971     ,  -1.20949030     ,   1.77290583    
 -0.303681135     ,  0.469532490     , -0.467770576    
  0.949308395     ,   1.66471410     , -0.647589922    
   1.49114251     ,   1.32150650     ,  0.634104013    
 -0.768051624     , -0.334637165     ,  -1.59826493    
   1.37327051     ,  -1.90375280     ,   1.72835612    
   1.26436830     ,   1.61328673     , -0.670828104    
 -0.372797251     ,  -1.86258698     ,  -1.97087073    
   1.45995259     ,  -5.94828129E-02 ,   1.34714532    
   1.40900183     ,  -1.47641897     ,   1.89444160    
   4.83281612E-02 ,  -1.34402013     ,  -1.35473275    
   1.10565639     ,  0.612211466     ,  0.563818216    
  -2.85599232E-02 , -0.396889448     ,  -1.66235137    
  -1.18058562     ,  -1.73917079     ,   1.91757488    
 -0.219476700     ,  -1.00702071     ,   1.32147241    
 -0.265781641     ,  0.567019224     ,  -1.59107327    
  -1.78114986     ,  0.515171051     , -0.791356564    
  0.801984310     ,  -1.00327134     ,  -1.50464845    
   1.67694879     ,  -1.47609377     , -0.464015484    
 -0.443946600     ,  -1.28039074     ,   1.54862118    
  -1.00448704     ,  0.466608047     , -0.836392164    
 -0.534611940     , -0.372661114     ,  -1.68178368    
   1.99465466     ,   1.20899963     ,  0.590637207    
  0.648316622     ,  -1.16374302     ,  -1.30431247    
  -1.28106213     ,  -1.61791849     ,  0.599213600    
   1.48950434     , -0.637885809     , -0.637916088    
  -1.02416992     ,   1.60400701     ,  0.183926582    
  -1.53443241     ,  -1.67651916     ,  -1.89702868    
   1.27287793     ,  0.713818789     ,   1.47646189    
  0.142561197     ,   6.31570816E-04 , -0.271820068    
   1.95221472     ,   1.61782527     ,  0.786924362    
 -0.334777355     ,  -1.75006652     ,   1.67453551    
   1.23279190     ,  0.892486572     ,   1.79643655    
  -1.04024673     , -0.667630434     ,  -1.18128276    
   1.88103247     ,  0.362776518     , -0.354332209    
 -0.494727373     ,  -1.75421524     ,   1.66807961    
  0.533601761     ,  -1.82020164     ,  -1.39428473    
  -1.45240164     ,  0.327009439     ,  -1.11866975    
   1.07388973     , -0.270422697     ,   1.15645051    
  -1.59520435     ,  -1.60513949     , -0.104754925    
  0.207784653     ,   1.83101225     ,  0.691689968    
   1.32660651     ,   1.08837128     ,  -1.04705095    
 -0.490965366     ,  -1.41069627     , -0.327818155    
   1.47107077     ,  0.891057968     ,   1.67430449    
  0.498648882     ,   1.98579407     ,   1.21216488    
  0.209254503     , -0.705767155     ,  -8.41553211E-02
  -1.15355873     ,  -1.76060200     ,   1.55930519E-02
   1.29087877     ,  -1.93873143     ,   1.98393154    
 -0.545592308     ,   1.58762813     ,  -1.87651539    
  -1.07791138     ,   1.32801747     ,  0.646309137    
 -0.683542728     ,   1.01664948     , -0.215488195    
  0.720370531     , -0.624802351     ,  -1.20686483    
 -0.283819914     , -0.812166452     ,   1.03342199    
 -0.190780640     ,  0.171515703     ,   1.17852378    
   1.71043372     , -0.542712212     ,  0.699686289    
 -0.215075254     ,  -1.64631963     ,   1.97932506    
  0.668996572     , -0.229282618     , -0.858347178    
   1.12341475     ,   1.94053102     ,   1.36215830    
   1.16330838     ,   1.97153425     ,  -1.86350274    
  -1.20903921     ,   1.71795511     ,  -1.25606370    
 -0.974482536     ,   5.27627468E-02 ,  -1.46940708    
  0.707217693     ,  -1.66509032     ,  -1.26768255    
   1.59412360     , -0.480354548     ,  -1.78611279E-02
 -0.499943972     ,   1.99239182     ,  0.869932890    
  -1.91985369     ,  -1.22397256     ,  -1.95043492    
 -0.391991138     ,  -1.49363351     ,   1.58418202    
   1.96385002     ,   1.01324797     ,  -1.24672198    
   1.89899802     ,   1.04172397     , -0.519296169    
   1.88111162     ,  -1.61913586     ,   7.59329796E-02
   1.87534857     ,  0.419364691     ,   1.49860716    
 -0.501092196     ,  -1.64450788     ,   5.11841774E-02
  -1.61086392     ,   1.64376259     , -0.913988352    
   1.00289369     ,   1.78301311     , -0.747606516    
   1.29803991     ,  0.876812458     ,  0.570804596    
  0.897779465     ,   2.07037926E-02 , -0.908587456    
 -0.531790733     ,  -1.22893071     ,  -6.00337982E-02
  0.488208055     ,  0.713830471     ,  -1.82100582    
 -0.774709463     , -0.167077065     ,  -1.50695062    
 -0.794892311     , -0.355634689     , -0.378197193    
  0.705528259     ,  0.337544680     ,   1.26727295    
   1.32025599     ,  -1.26039433     ,  0.311860085    
  0.225294828     ,  0.114570379     , -0.665369749    
  0.237779617     ,   1.77012658     ,  -8.26618671E-02
 -0.688784599     ,   1.90294409     , -0.670495033    
  0.922816515     , -0.120805502     ,  -1.83944511    
  -1.36698818     ,  -1.78307676     , -0.699664116    
  0.131500721     , -0.193546295     , -0.664188862    
   1.13677740     ,  -1.19081521     ,  0.613898277    
  -1.13687277     ,  -1.80401349     ,  -1.36303234    
 -0.698746443     ,   1.86303329     ,  -1.80469441    
   5.80096245E-03 ,  0.858817816     , -0.648610830    
  -1.10832858     ,   1.47959542     ,  -1.40045071    
 -0.134005785     ,  -1.35174775     ,   1.74660778    
  -1.25280499     ,  -3.31666470E-02 ,   1.45132565    
  -1.21956348     ,  0.635188580     ,   1.61407518    
  -1.17232609     , -0.867981672     , -0.649358749    
   1.62322330     ,  -1.64370298     ,   1.50194693    
   1.19967532     ,  -1.86458087     , -0.274274826    
  0.939793587     , -0.476716518     ,  0.675632238    
 -0.338607788     ,  0.520715952     ,  0.970877171    
   1.24395156     ,  0.913331985     ,   1.36358643    
   1.95349646     ,   1.50161791     , -0.430746078    
  -3.55191231E-02 ,  0.276714325     ,   1.94253826    
  -1.12273359     ,  -1.11141634     ,  0.101519346    
   1.04752803     , -0.477098703     , -0.164133787    
   1.62923479     ,   3.98726463E-02 , -0.548874617    
  0.358553410     ,   1.52639246     ,  0.660236835    
   1.48247957     ,  -1.98931742     ,  0.195421934    
  -1.84557176     , -0.775432587     ,   1.48940778    
   1.75213456     ,   1.63545370     ,  0.303931952    
  -1.81238890     , -0.745024443     ,   1.32582045    
   1.58832812     , -0.697347879     ,  -1.67864370    
  -1.92101693     ,  -1.70411301     ,  0.213307858    
   1.99697685     ,   1.44028020     ,  -1.81680584    
   1.92078710     ,  -1.88223362     ,   1.52206492    
  0.446646929     ,  -1.21490383     ,   1.11944056    
  0.350270271     ,  0.889235258     , -0.400588274    
   1.84901500     ,  -1.37789512     ,  -1.90837479    
   1.57367992     ,   1.07357359     , -0.364887714    
  -1.19112706     ,   1.93492270     ,  -1.67662477    
  -1.94906735     , -0.277105808     ,  -1.33958197    
 -0.980038166     , -0.894760370     ,   5.55505753E-02
   1.56171227     ,  -1.77507782     ,  -1.39910507    
 -0.921700478     ,  -1.43422461     , -0.744219542    
   1.55607867     , -0.435742855     ,  -1.94330215E-02
   7.65755177E-02 , -0.634057760     , -0.277798891    
 -0.531175375     ,  -6.64930344E-02 , -0.311448336    
   1.93529654     ,  -1.25002074     ,  0.651710272    
   1.50780559     ,  0.582672119     ,  0.413175583    
  0.725786924     ,  0.151095867     ,  0.994571686    
 -0.550152540     ,  -3.55200768E-02 , -0.158725023    
  -1.20723677     , -0.429941177     ,   1.96439981    
  -1.25108886     ,  -1.51760387     ,   1.93223190    
   1.95062160     ,  0.483268023     ,  -1.46888494    
  -1.26936674     , -0.276527643     ,   1.16251993    
  -1.95266938     ,  0.434938908     ,  -5.17256260E-02
   1.77486992     ,  -1.06216288     ,  -1.63569999    
  -3.22718620E-02 ,  -1.26432800     ,  0.339199781    
   1.92211652     ,  -1.64212441     ,   9.48219299E-02
  0.453136683     , -0.484289885     ,  -1.22038674    
 -0.549251795     ,  -1.95887446     ,  0.682628155    
  0.129512072     ,   1.37318468     ,  -6.41031265E-02
  -1.41682482     ,  0.288014174     ,  0.773498297    
  -1.46867990     ,   1.86990023     ,  -1.91883850    
 -0.475265980     ,  -1.44485974     , -0.188109875    
  0.801365376     ,  -1.58000684     ,  0.564826727    
  0.198923111     ,  -1.25216103     ,  0.455715179    
   1.30228519     ,  -1.18006110     , -0.535588741    
  0.149357319     ,   1.74156070     ,   1.67130184    
  0.649330854     ,   1.08463860     , -0.276979685    
  -1.78732347     ,  0.671172619     ,  -5.67650795E-03
  -1.31414056     ,  0.284007788     ,   1.26864600    
  0.474637032     ,   1.02374077     ,   1.31162310    
   1.03493071     ,   1.51988029     , -0.785895586    
   1.64023447     , -0.804365635     ,   1.15085888    
  0.856000185     ,  0.889288664     ,   1.07525206    
  0.960047960     ,  -1.63311839     ,  -1.80662370    
 -0.573190212     ,   1.28910661     , -0.751542091    
   1.28744483     , -0.256897926     ,  0.107692719    
  0.208222389     , -0.730240345     ,   1.04025316    
  0.603210688     , -0.513470888     ,  0.100436926    
  -1.24973440     ,  0.284104586     ,   1.30529404    
   1.27323675     ,  -1.76497102     ,  0.757629156    
  -1.91041374     ,  -1.21166968     , -0.591428518    
  0.628715992     ,   1.00592828     ,  0.578875780    
  -1.52143383     ,  -9.24127102E-02 ,  -1.55776310    
 -0.458595037     ,  -1.43407750     ,  -1.58021832    
  -1.02942014     ,   5.05876541E-02 ,  0.952498674    
   1.86137891     ,  -1.89525628     ,  0.928233624    
  -5.88376522E-02 , -0.634217739     ,  0.801245451    
   1.96939850     ,   1.13829446     ,   1.85541368    
 -0.874875307     , -0.722400904     ,  0.290924549    
   1.91371989     ,   9.76827145E-02 , -0.427692413    
   1.81147599     ,  0.845993996     ,   1.05625963    
  -1.02756810     ,  0.552381277     , -0.711437225    
 -0.333516598     ,   4.42175865E-02 ,   1.89017749    
  0.943122625     ,  0.794941425     ,  0.769036770    
  -1.21886754     ,  -1.05617905     ,  -1.86201453    
  0.557363033     ,  -1.44408846     ,  -1.44614935    
  0.518721581     , -0.286573887     , -0.240643501    
  -1.58852243     ,  0.391337156     ,   1.36258245    
  -1.44501901     ,   1.57642722     , -0.349542141    
 -0.180314779     ,   1.99756742     ,  -1.78592896    
   1.93746853     ,   1.71044183     ,  0.667798758    
 -0.300338984     ,  0.736255884     ,  0.298515081    
  0.819217205     ,  -1.23749900     , -0.164162159    
 -0.538400650     , -0.441577911     ,  0.993933439    
  -1.19849396     ,  -1.64441848     ,  -1.86902118    
 -0.361635208     ,  0.788806915     ,  0.827184200    
  -1.04310679     ,  0.961541891     ,   1.50365448    
  0.820017815     ,  -1.61502743     , -0.686068773    
  -1.68367672     ,  -1.71570134     , -0.985556364    
  -1.18472910     ,  -1.13305950     ,   1.51970553    
  -1.93059349     ,  -1.78998566     ,   1.26384306    
 -0.662760019     , -0.795080900     ,  -1.77081323    
 -0.860570908     ,  0.986821175     ,   1.55368018    
   1.38165522     ,  0.524750948     ,   9.96463299E-02
  -2.22640038E-02 ,  0.586183071     ,  -1.74007773    
  0.840433359     ,  -1.62150073     ,  0.430116892    
 -0.981409311     ,  -1.35374832     ,  -1.02871966    
   1.29089403     , -0.514243126     , -0.932615995    
 -0.873541355     ,  0.363634586     ,  -1.42811060    
  0.499198198     ,  -1.14116859     ,  0.776935101    
  0.983227491     ,   1.23326015     ,   1.70848989    
   1.49573827     ,  -1.54540157     ,   1.57278275    
  -1.48842525     , -0.577350855     ,  0.568134546    
 -0.883266687     ,  -1.32493091     , -0.485509872    
   1.69390464     , -0.934652328     ,  -1.62314534    
   1.94520497     ,   1.99691701     ,   1.79057550    
   1.15716553     , -0.102517366     ,  0.598955631    
 -0.608293295     , -0.486083508     , -0.463277578    
   1.05729890     ,   1.85657120     ,  -1.46832490    
  -1.22763419     ,  -1.81892085     ,  0.618202686    
  -1.74235535     ,  0.116553783     , -0.227900982    
  -1.81911755     ,   1.64597082     ,  -1.29873538    
  -1.41392708     ,  -1.19370389     ,  -1.03463626    
   1.22761345     ,   1.64444375     ,  -1.40943623    
  0.624075174     ,  -8.10487270E-02 ,  -1.52805901    
  -1.02130055     , -0.262063265     , -0.518147707    
 -0.702540398     , -0.697095633     ,  -1.21302176    
   1.93469334     ,   1.79968882     ,  -1.15961194    
  0.455010891     , -0.561033487     ,  0.297789335    
 -0.829909801     ,   1.04334760     ,  -1.56271768    
  -1.77521706E-02 ,  -1.86604166     ,   5.30290604E-02
  0.944515467     ,   1.96729589     ,  -1.41770840E-02
  -1.84186959     ,  -1.90259719     ,  -1.96992445    
  -1.93736601     ,  -1.88291645     ,   1.88824606    
  -8.59055519E-02 , -0.910168886     ,  0.871122360    
   1.10646605     ,  0.994467020     ,   1.84761691    
   1.62770367     , -0.858041286     ,  -1.60974860    
   1.66077447     ,  -1.09305549     , -0.921737194    
 -0.664682865     , -0.282247782     ,   3.69529724E-02
 -0.802746058     ,   1.08887362     ,  -1.11340380    
   1.31480885     ,  0.355887413     ,   1.08558464    
 -0.162548780     ,   8.04617405E-02 ,   1.60785031    
  -1.94062304     ,  -1.94633436     ,  -1.59638262    
 -0.643609047     , -0.699206591     ,  0.865957022    
  -1.76721025     , -0.514994383     ,  0.788934469    
  -1.62890601     ,   1.33872914     ,  -1.77582192    
  0.606924295     , -0.954555750     , -0.136422396    
 -0.419253588     ,  0.950808048     , -0.129028320    
  0.479719877     ,  -1.82839060     ,   1.75838876    
   1.30087972     ,   1.36898541     ,  -1.73731780    
 -0.643694401     ,  -1.44383764     ,  0.684587955    
 -0.766128302     ,   1.55966210     ,  -1.85709548    
 -0.556315660     ,  0.146517515     ,  -1.68632841    
 -0.353257179     ,  -1.47527671     ,  -1.15980434    
 -0.156209230     ,   5.11317253E-02 ,  -1.38848400    
 -0.470348120     , -0.477269888     , -0.822108746    
  0.572467804     ,   1.60329771     ,  0.771918297    
  -1.03339243     ,   1.35886908     ,  0.237475872    
  0.862712145     ,   1.20217371     ,  0.240087986    
   1.42720723     , -0.324486256     ,  0.754320145    
  -1.34423685     ,  -7.38632679E-02 ,  -1.42344975    
  0.925216198     ,  -1.19834805     ,  -1.01252866    
   3.96733284E-02 ,   1.84822392     ,  -1.11237764    
 -0.879343510     ,   1.97468495     ,   1.13155460    
   1.97222495     ,   1.19849634     ,  -1.92873859    
   1.04498720     ,   1.62650371     ,   1.88495326    
  -1.86912465     ,  0.847898006     ,  -1.58757138    
  0.826642036     , -0.396162748     ,  0.171281815    
  0.688347101     ,   1.00121546     ,   1.96815014    
  -1.63983178     ,  -1.07693696     ,  -1.10735440    
 -0.155232906     ,  0.318552732     ,  -1.29032111    
 -0.944646358     , -0.174165726     ,  -1.33287859    
 -0.578036547     ,  -1.87649488     ,  -1.08241773    
  0.892553806     ,  -2.96747684E-02 ,   1.38158345    
  -1.89082932     , -0.980724335     ,  -1.11524177    
  0.339359045     ,   1.01920271     ,  0.244115353    
  0.776980162     , -0.961857080     ,  -1.85001874    
  -1.55722904     , -0.969535589     ,  0.967257738    
  0.105028868     ,  0.612333775     , -0.962701797    
   1.97470737     ,   1.86362267     ,  -1.78564477    
  0.905014277     , -0.370633125     ,   1.64745164    
   1.04194927     ,   1.18922186     ,  0.593494177    
  -1.18552732     ,  -1.99956059     ,   1.03805614    
   1.45301080     ,  0.108060837     , -0.807242155    
  -1.23001719     ,   1.80128860     ,  0.436711788    
  -1.64736128     , -0.644095898     ,   1.11930752    
  -1.03487492     , -0.825414896     ,  -1.32715440    
   1.64209270     ,  -1.38686514     , -0.479265690    
   1.31943512     ,  0.815986156     ,  0.552203178    
  -1.68981719     ,  -1.38459110     ,  -1.68428230    
   1.48590565     , -0.173799992     ,   1.04302359    
  0.228760481     ,  -4.38776016E-02 , -0.691406488    
 -0.411252022     ,  0.962764502     ,   1.08009601    
   1.99723887     , -0.156355858     ,  0.357642651    
   1.08007526     , -0.795617342     ,  0.482846737    
   1.14264584     , -0.117249966     , -0.109992266    
   1.01358128     ,   1.69816446     , -0.553370476    
  0.240883112     ,  -1.99509811     ,  0.697648764    
  0.777693748     ,   1.00541544     ,  0.195852757    
   1.50243616     ,  0.992036581     ,  -1.38682771    
  -1.94265199     ,  -1.33258224     ,  -1.32301092    
 -0.857034922     ,  0.410998821     ,   1.00602794    
  -1.27469969     , -0.375660896     ,  -1.52528667    
   1.23086238     ,   1.11106443     ,  -1.58860826    
  0.210158587     ,  0.190634966     , -0.612543106    
  -5.66437244E-02 , -0.672705889     ,  0.111500978    
  0.146955729     ,  -5.38578033E-02 , -0.460299730    
  -1.81862831     ,   1.91592145     ,   1.15582919    
  -1.42464566     ,  -1.74203634     , -0.104515314    
   1.12052226     , -0.645240545     ,  0.823428392    
   1.08249760     ,  -1.63944674     ,   1.57929611    
  -1.36188531     , -0.362771511     , -0.602388382    
 -0.124161005     ,  -1.69746232     ,  -3.32624912E-02
  -1.34793568     ,  0.419085026     ,  -1.20267177    
  0.195410252     , -0.553306341     , -0.539982796    
 -0.779848337     , -0.728259087     ,  -1.03852558    
  -1.38233590     ,  -4.89094257E-02 ,  0.189661980    
  0.300083876     ,  0.913501501     ,  0.462973595    
  -1.42364931     ,  0.625650644     ,  -1.69321656    
  -1.22681212     ,  0.970506907     , -0.816351891    
  0.764318466     ,   1.83038831     ,   1.44683003    
   1.80075288     ,  -1.06873465     , -0.490211248    
  -1.47435617     ,   1.92179537     ,  0.972081900    
  0.839976549     ,  0.352131605     ,  -1.86650062    
 -0.481074572     ,  0.688040495     ,  -1.15397096    
 -0.408076525     , -0.788143635     ,   1.27812004    
  -1.99597597     ,   1.67047930     , -0.155938864    
 -0.347241640     ,  -1.62905908     ,  -1.58016801    
   1.21525311     ,  0.942600489     ,  0.621504307    
   1.51145744     , -0.593407154     ,  -1.18222976    
  -1.43684411     ,  0.245323896     ,  -1.43218541    
  -1.82779479     ,   1.22563410     ,   1.33535981    
  0.262598515     ,  -1.03123617     ,   1.96684217    
  -1.76719260     , -0.271483660     , -0.520766973    
   1.48541498     ,  0.878290415     ,  0.262484312    
 -0.622735023     ,  -1.83192182     ,  0.339705944    
  -4.06658649E-02 ,  -1.99721146     ,   1.60725808    
 -0.871133804     ,  0.772634983     ,  0.835705757    
  -1.04574847     , -0.195050240     , -0.975184679    
  0.198591232     ,   1.64217329     ,  -1.93902493    
  0.855489731     ,   1.29333925     ,   1.68248391    
   1.61130738     ,  0.108011484     ,  -1.24909616    
   1.02949929     ,   3.71608734E-02 , -0.545019388    
  0.156903744     ,  0.611129999     ,   1.99189687    
  0.583685160     ,   1.23082376     ,   1.56787920    
   1.10779881     ,   1.48997307E-02 , -0.513288021    
   1.51606154     ,  0.989809752     , -0.742980480    
  0.410955429     ,   1.34454131     , -0.331824303    
  -1.75393224     ,  0.670320272     , -0.721034050    
 -0.243516684     ,   1.69754028E-03 ,  0.914146185    
  -1.96517873     ,   1.19050550     ,  0.313987255    
 -0.801699638     ,  -1.20660043     ,  0.732767582    
   1.89400530     ,   1.00894666     ,  0.422869444    
   1.82068396     , -0.538055420     ,  -1.74345231    
  -1.14684987     ,   1.29901695     ,   1.53111959    
  0.695867300     ,   1.64969420     , -0.322843790    
  0.144617081     ,  -1.27261639     ,  0.416067123    
 -0.561208963     ,   1.27872515     ,  0.587708473    
  -1.99450803     ,  0.215551853     ,  0.943784714    
   1.39774537     ,   1.63217735     ,  0.215795279    
 -0.314111948     , -0.807347298     , -0.390413761    
  0.991379738     ,  0.417653322     ,   1.96611547    
  -1.95342302     ,  -1.24678993     , -0.782456160    
  0.457473278     ,  -1.02622724     ,  -3.28443050E-02
 -0.222256184     , -0.631775379     ,  -1.52821112    
  0.650643110     , -0.675165653     ,   1.65008092    
  0.754983664     ,  -1.66952825     ,   1.51457620    
   1.75650477     , -0.961006880     , -0.146107674    
  0.866924047     ,   1.61493993     ,  -1.56788945    
 -0.193337202     ,  0.276500463     ,  0.475090742    
  0.538023710     ,  -1.78267455     ,  0.683906555    
  -1.10322356     , -0.820630789     , -0.472420454    
 -0.407351494     ,  0.850327492     ,   1.56258297    
   1.32039046     ,  -1.53265595     ,   1.20411563    
  -1.44395876     ,  -1.90912294     ,  0.772763968    
   1.02372766     ,  0.332804441     ,   1.56562877    
   1.17195702     , -0.271485806     , -0.471014500    
  -1.08837557     ,   1.68590188     ,  0.359241009    
  0.112346888     , -0.828215837     ,  -1.56318045    
  -1.45020056     ,   1.96473575     ,   1.39840460    
  -1.30419850     ,   1.74115872     ,  -1.07824230    
  -1.40988064     ,  0.619678020     ,  0.379602194    
   1.24003935     ,  -1.69066501     , -0.683744907    
 -0.994059801     ,  0.938183784     ,  -1.21132016    
 -0.359767914     , -0.801156759     ,  0.977257490    
   1.82638645     ,  0.769587278     , -0.138577938    
  0.878959417     ,   1.95831752     ,   1.28305268    
   1.34153581     , -0.922318935     , -0.339007139    
   1.10733366     ,  -1.90320325     ,  -1.32408595    
  0.151534081     , -0.908697367     ,  -1.31156635    
  0.445154667     ,   1.07559133     , -0.427361727    
  0.776491642     ,  -1.72823811     ,  0.161338091    
  0.402732372     ,   1.28455353     ,  0.555022001    
  -1.61460543     ,  -1.69672489     ,  -1.27808404    
  0.196786165     , -0.618431330     ,  0.313210011    
 -0.828413963     ,   1.30263352     ,  0.958334923    
  -1.17657423     ,   1.09224319E-02 ,  0.280638695    
   1.37226081     ,   5.84769249E-03 ,  -1.21890640    
  0.605987072     ,   1.96410584     ,   1.86444592    
   1.85233283     ,  0.954060793     ,  -4.27548885E-02
  0.439823151     ,   1.97467828     ,  0.625192165    
 -0.384474993     ,  0.482542038     ,  -1.24824238    
  -1.48554182     ,  0.734215498     ,  0.227278948    
  -1.44882727     , -0.404909134     ,  0.935411930    
  -1.13950038     ,  -1.13771152     ,  -1.31549191    
   9.20386314E-02 ,   1.28491831     ,  0.678796053    
  0.838906527     ,  0.808650494     ,  -1.55694222    
   8.95555019E-02 , -0.498674393     ,  -1.40486240    
  -1.26217699     , -0.969715834     ,  0.488591433    
   1.45235467     ,  0.620531321     , -0.504117250    
 -0.742792606     , -0.504640818     ,  0.457174301    
  -1.98774123     ,   1.52229214     , -0.198232412    
   1.99831104     ,  0.739563704     ,  -1.44366717    
   1.52160144     ,  -1.77919745     ,   1.84082246    
  -1.02490640     ,   1.52682686     , -0.348646641    
  0.175689459     , -0.704752922     ,  0.481035948    
   1.04397869     ,  -1.59927011     ,  0.286517859    
  0.726488829     ,  0.947834253     ,  0.803950548    
 -0.314759970     ,   1.04052734     ,   1.42253852    
  0.378919601     , -0.275020361     , -0.279982805    
 -0.214195728     ,  -2.68435478E-02 ,  0.250195503    
   1.77799630     ,  -1.56031561     ,   9.46285725E-02
  -1.33458161     ,  0.305891514     ,  -1.18588114    
   1.89828897     ,  -1.48538423     ,  0.129870653    
  -1.65235376     ,   6.80000782E-02 ,   1.94160938    
  -1.39555097     , -0.397297621     ,   1.23543215    
   1.63960505     ,  0.358807087     ,   1.16115475    
  -1.17788792     , -0.490136147     , -0.321432590    
  -1.11382604     , -0.315526962     ,  0.117965698    
  -1.46341681     ,  0.504398823     ,  -1.76210332    
  0.789785624     ,   1.12409377     , -0.898432493    
   1.90823388     ,   1.97366166     ,   1.52283311    
  -1.98865414     ,   4.64816093E-02 ,  0.406511784    
  -2.31177807E-02 ,   1.17938113     ,  -1.83421397    
  -1.00936460     ,  0.399523020     ,  -7.64188766E-02
   1.61026978     ,  -1.80525255     ,  -1.65973258    
  -1.58273101     ,   1.19088840     ,  -1.14183855    
   1.10091901     ,  -3.68032455E-02 , -0.791946650    
  -1.58167505     ,  -1.82649469     ,   1.58685637    
  0.482854128     ,  -5.37369251E-02 ,  0.137815237    
 -0.662667036     ,   1.15519285     , -0.985551834    
   1.91096401     ,  0.487376451     , -0.979018927    
  0.767706156     ,  -1.92768931     ,   1.68443847    
   1.31071639     ,  0.936682940     ,   1.61150408    
   1.87251091     , -0.104780912     , -0.797760248    
 -0.890245676     ,   1.72990060     ,  -1.52083230    
 -0.535793543     , -0.142792463     , -0.490968227    
  -1.38310289     ,  -1.03923798     , -0.336914062    
   1.92362618     ,  0.429102659     ,  -1.11855721    
   1.72698736     ,  0.502818346     ,  -1.56632471    
  -1.06289792     ,  -1.93349719     ,  0.185277224    
  -1.50643039     , -0.655957222     ,   1.24294353    
 -0.535108805     ,  0.370060921     ,  0.670475960    
   1.35778499     , -0.317506313     ,  0.684581757    
  -1.49682903     ,  -1.26863813     ,  -1.74557185    
   1.95989680     ,   1.56934166     ,   1.29681063    
  -7.99551010E-02 ,  0.484589100     , -0.525197506    
   1.84573507     , -0.713904142     ,  -1.91132426    
   1.84215307     , -0.413159132     ,  -8.55517387E-03
   1.01291108     , -0.249399185     , -0.742219210    
  0.582397461     ,  -1.81715083     , -0.635084391    
  0.659536123     , -0.810637951     , -0.693349600    
   1.51717257     ,  -1.30515003     , -0.167335272    
  0.918535471     ,  -1.55053401     ,  0.794087172    
  0.785103559     ,   1.22789693     ,  -1.73622108    
  0.137391090     ,  0.121172428     , -0.424747944    
  0.995229959     , -0.983330011     ,   1.96294856    
   1.30703926     ,   1.63999867     ,  -1.00860023    
  -1.98348475     ,  -1.69749880     , -0.573825836    
  -1.10048246     , -0.991556168     ,   1.36818218    
 -0.343550205     , -0.989731073     , -0.923101187    
  0.514636993     ,   1.57233047     ,  0.931028128    
  -1.80498242     ,   1.41815758     ,  -1.29888964    
  0.652799606     ,  -1.25758982     , -0.572324038    
  -1.28866863     ,   1.41656041     ,  -1.15095139    
  0.328398943     ,  0.962747097     ,  -1.17749715    
   1.84413147     ,  0.340507984     ,  0.656436920    
 -0.855927944     ,   1.02194118     ,  0.154766798    
 -0.879834652     ,   1.82434249     ,   1.36828542    
   1.51319599     ,  0.354345322     , -0.565109730    
  0.707939386     ,   1.22850323     ,   1.82473755    
  -1.05520773     ,   7.01904297E-02 ,   1.65050888    
  -1.25434828     ,  -1.22342944     ,  0.307416916    
  -1.75168800     ,   1.38059616     ,  -1.21113253    
  -1.33246732     ,   1.62092233     ,  0.305321693    
  -1.14538527     ,  0.716610432     ,   1.79133487    
 -0.293320894     ,  0.592091799     ,  -1.14836335    
  -1.61310673     ,   1.37521625     ,  0.469918489    
  -1.05992174     , -0.786062479     ,  -1.11629009    
  -1.48113513     , -0.763767004     ,  -1.29172730    
   1.77157688     , -0.686892271     ,   1.38728404    
 -0.657829523     ,  0.995900393     ,   1.16023993    
  -1.72089744     ,  0.668808460     ,   1.32783365    
  -2.95319557E-02 ,  -1.32080436     ,   1.23087335    
  0.786628485     ,  0.289544106     ,   1.18590927    
  0.969179869     , -0.535751581     ,  -1.00820303    
  -1.51340246     ,  -1.93978858     ,  -1.79322433    
  0.165910006     ,  0.974735498     ,  0.524825096    
 -0.197099686     , -0.528315067     ,  0.275394678    
  0.740640402     ,  0.122285604     , -0.780248404    
   1.33583379     ,  0.316888332     , -0.488044977    
   1.72854972     , -0.787386656     , -0.179533720    
   1.06592774     ,   1.80583858     ,   1.52285147    
  0.374181986     , -0.688632250     ,  -1.46655393    
 -0.381085634     ,  0.296870232     ,  0.760511398    
   1.99879479     ,  0.886672020     ,   1.34414005    
  -1.46113682     ,  0.643576384     , -0.323803425    
 -0.559441805     , -0.445113659     ,   1.62683082    
  -1.54849458     ,  0.780869007     ,   1.90503359    
  0.526723623     ,   1.22917175     ,   1.98390555    
  -1.37632203     ,  -1.64893317     ,   1.40148973    
 -0.383258820     ,   1.74550915     ,  0.668446302    
  -1.25833297     , -0.611713171     ,   1.53672266    
  0.741165400     ,   1.77539778     ,  0.766932726    
  0.450436831     ,  0.204751968     , -0.634240627    
  -1.02219367     ,  0.330654621     ,  -1.11545444    
  -1.42110491     , -0.633279324     ,   1.22289991    
  0.871982574     ,  0.260093689     , -0.237809896    
   1.27946067     , -0.829124928     ,   1.72855282    
  -1.52520132     ,  -2.54192352E-02 ,  0.790543318    
  -1.49296141     ,  0.998575449     , -0.698157787    
 -0.854627609     ,   1.38507891     ,  -1.54230523    
   1.94701552     , -0.135499716     ,  -1.65811610    
  -1.01810145     , -0.434963942     , -0.747474432    
  -4.34727669E-02 ,   1.65609121     ,  0.776011467    
  -1.88122201     , -0.393474340     ,  -1.06901240    
  -1.06014562     ,  0.842191458     , -0.590441704    
 -0.184907436     , -0.499467850     ,  0.577246428    
 -0.846479654     ,  0.923921824     ,  0.153083324    
  0.860265493     ,  -1.44878531     ,   1.75158644    
 -0.256379843     ,   1.01082230     ,  0.909704924    
  0.446432590     ,  -1.34380865     ,  -4.71630096E-02
  0.247936010     ,  0.412342787     , -0.201017380    
 -0.627309561     ,  0.970847607     ,   1.52140427    
   1.08635926     ,  -1.60014391     ,  -1.56886506    
  -7.45630264E-03 ,  0.962586641     ,  -9.58898067E-02
 -0.184830189     , -0.495000839     ,   1.89037776    
  0.782586336     ,   1.31805801     , -0.394652128    
  -1.27412772     ,  -1.66708636     ,   1.27548265    
 -0.234438658     ,  0.440667868     ,   1.01965141    
 -0.252962828     ,   1.78063869     , -0.781850815    
  -1.76499748     ,  -1.52944827     ,   1.91054702    
 -0.524590969     ,   1.17620587     ,  0.206437588    
 -0.276612520     , -0.772760153     ,   1.37978864    
  -1.20537853     ,  -1.05148721     ,   1.72387791    
 -0.420017004     ,  -1.13448763     ,  0.794138670    
